file1000007.h5,15
file1000007.h5,17
file1000007.h5,19
file1000007.h5,21
file1000007.h5,23
file1000031.h5,16
file1000114.h5,15
file1000153.h5,13
file1000153.h5,15
file1000153.h5,19
file1000263.h5,13
file1000263.h5,15
file1000263.h5,17
file1000263.h5,21
file1000328.h5,21
file1000356.h5,15
file1000356.h5,17
file1000356.h5,19
file1000356.h5,21
file1000432.h5,17
file1000432.h5,19
file1000480.h5,14
file1000552.h5,14
file1000625.h5,15
file1000625.h5,17
file1000625.h5,19
file1000625.h5,21
file1000625.h5,23
file1000647.h5,14
file1000647.h5,16
file1000758.h5,11
file1000758.h5,13
file1000758.h5,15
file1000758.h5,17
file1000810.h5,18
file1000810.h5,20
file1000871.h5,13
file1000871.h5,15
file1000871.h5,17
file1000885.h5,15
file1000891.h5,13
file1000891.h5,15
file1000903.h5,12
file1000903.h5,14
file1000903.h5,16
file1000903.h5,18
file1000903.h5,20
file1000932.h5,11
file1000932.h5,13
file1000932.h5,15
file1000932.h5,19
file1001031.h5,15
file1001031.h5,17
file1001059.h5,11
file1001096.h5,15
file1001104.h5,13
file1001104.h5,15
file1001104.h5,17
file1001159.h5,11
file1001159.h5,13
file1001159.h5,15
file1001159.h5,17
file1001159.h5,19
file1001168.h5,11
file1001168.h5,13
file1001168.h5,15
file1001168.h5,17
file1001168.h5,19
file1001188.h5,13
file1001188.h5,15
file1001188.h5,17
file1001450.h5,13
file1001480.h5,11
file1001480.h5,13
file1001499.h5,11
file1001499.h5,13
file1001598.h5,11
file1001598.h5,13
file1001598.h5,15
file1001703.h5,14
file1001703.h5,18
file1001715.h5,18
file1001715.h5,20
file1001793.h5,13
file1001793.h5,15
file1001793.h5,17
file1001793.h5,19
file1001798.h5,13
file1001818.h5,13
file1001818.h5,15
file1001818.h5,17
file1001983.h5,15
file1002280.h5,13
file1002280.h5,15
file1002351.h5,19
file1002380.h5,11
file1002380.h5,13
file1002380.h5,15
file1002380.h5,17
file1002380.h5,19
file1002404.h5,12
file1002404.h5,14
file1002404.h5,18
file1002451.h5,21
file1002451.h5,25
